airline,date_of_journey,source,destination,dep_time,arrival_time,duration,total_stops,additional_info,price
Vistara,2019-05-21,Kolkata,Banglore,17:00:00,20:20:00,1640,1.0,No Info,9345
Spicejet,2019-05-09,Kolkata,Banglore,06:55:00,09:30:00,155,0.0,No Info,3873
Air Asia,2019-05-12,Kolkata,Banglore,22:40:00,10:40:00,720,1.0,No Info,5192
Jet Airways,2019-05-27,Delhi,Cochin,11:30:00,12:35:00,1505,1.0,In-flight meal not included,12898
Multiple Carriers,2019-05-09,Delhi,Cochin,11:25:00,19:15:00,470,1.0,No Info,7575
Air India,2019-05-15,Delhi,Cochin,10:55:00,07:40:00,1245,2.0,No Info,12803
Indigo,2019-05-09,Mumbai,Hyderabad,16:55:00,18:25:00,90,0.0,No Info,4784
Air India,2019-05-12,Kolkata,Banglore,16:45:00,08:55:00,970,2.0,No Info,13437
Multiple Carriers,2019-06-06,Delhi,Cochin,08:00:00,21:00:00,780,1.0,No Info,13587
Multiple Carriers,2019-06-06,Delhi,Cochin,13:00:00,21:00:00,480,1.0,No Info,7408
Vistara,2019-06-12,Kolkata,Banglore,20:20:00,22:40:00,1580,1.0,No Info,7927
Air India,2019-03-12,Banglore,New Delhi,17:25:00,16:20:00,1375,2.0,No Info,12778
Jet Airways,2019-03-09,Delhi,Cochin,11:00:00,14:15:00,195,0.0,In-flight meal not included,7202
Indigo,2019-03-03,Banglore,New Delhi,18:25:00,21:20:00,175,0.0,No Info,8855
Air India,2019-03-01,Banglore,New Delhi,11:05:00,19:50:00,525,1.0,1 Long layover,14594
Jet Airways,2019-03-06,Banglore,New Delhi,19:55:00,22:35:00,160,0.0,No Info,18308
Indigo,2019-03-15,Delhi,Cochin,14:30:00,17:35:00,185,0.0,No Info,5895
Indigo,2019-03-03,Chennai,Kolkata,05:15:00,07:35:00,140,0.0,No Info,6482
Air India,2019-05-01,Kolkata,Banglore,10:00:00,13:45:00,1665,2.0,No Info,15164
Air India,2019-06-09,Delhi,Cochin,21:00:00,07:40:00,640,1.0,No Info,8372
Air India,2019-05-24,Kolkata,Banglore,09:50:00,08:55:00,1385,2.0,No Info,15170
Jet Airways,2019-06-06,Kolkata,Banglore,20:00:00,04:40:00,520,1.0,In-flight meal not included,8586
Indigo,2019-03-24,Kolkata,Banglore,15:10:00,19:50:00,280,1.0,No Info,7476
Vistara,2019-04-03,Banglore,Delhi,07:00:00,09:40:00,160,0.0,No Info,5403
Multiple Carriers,2019-05-09,Delhi,Cochin,07:30:00,19:00:00,690,1.0,No Info,9315
Air India,2019-03-18,Mumbai,Hyderabad,19:30:00,20:45:00,75,0.0,No Info,2050
Air India,2019-05-18,Delhi,Cochin,17:15:00,07:40:00,865,2.0,No Info,12199
Indigo,2019-03-27,Kolkata,Banglore,21:25:00,00:05:00,160,0.0,No Info,4148
Goair,2019-03-03,Banglore,New Delhi,15:45:00,20:15:00,270,1.0,No Info,8352
Jet Airways,2019-03-21,Banglore,New Delhi,07:00:00,13:15:00,375,1.0,In-flight meal not included,7832
Jet Airways,2019-05-15,Kolkata,Banglore,10:20:00,17:35:00,435,1.0,No Info,8355
Multiple Carriers,2019-06-15,Delhi,Cochin,16:00:00,01:30:00,570,1.0,In-flight meal not included,10196
Multiple Carriers,2019-03-27,Delhi,Cochin,19:00:00,01:35:00,395,1.0,No Info,7845
Multiple Carriers,2019-03-03,Delhi,Cochin,11:35:00,21:00:00,565,3.0,No Info,21829
Multiple Carriers,2019-06-06,Delhi,Cochin,13:00:00,21:00:00,480,1.0,No Info,13587
Air Asia,2019-03-09,Delhi,Cochin,16:45:00,07:10:00,865,1.0,No Info,8327
Indigo,2019-05-12,Kolkata,Banglore,19:20:00,23:45:00,265,1.0,No Info,4205
Jet Airways,2019-06-12,Delhi,Cochin,02:15:00,12:35:00,620,1.0,No Info,18371
Indigo,2019-03-01,Kolkata,Banglore,17:15:00,19:55:00,160,0.0,No Info,6565
Indigo,2019-06-12,Kolkata,Banglore,15:30:00,18:05:00,155,0.0,No Info,4804
Vistara,2019-06-15,Banglore,Delhi,17:00:00,19:35:00,155,0.0,No Info,4878
Spicejet,2019-03-27,Mumbai,Hyderabad,22:45:00,00:10:00,85,0.0,No Info,1759
Jet Airways,2019-05-09,Kolkata,Banglore,14:05:00,23:35:00,570,1.0,No Info,14781
Jet Airways,2019-06-15,Delhi,Cochin,09:35:00,12:35:00,1620,2.0,No Info,13292
Indigo,2019-05-27,Delhi,Cochin,02:00:00,07:45:00,345,1.0,No Info,6147
Jet Airways,2019-03-24,Kolkata,Banglore,13:55:00,04:45:00,890,1.0,No Info,13759
Air India,2019-06-06,Delhi,Cochin,05:10:00,08:00:00,170,0.0,No Info,5201
Indigo,2019-06-09,Banglore,Delhi,08:30:00,11:20:00,170,0.0,No Info,4823
Jet Airways,2019-06-12,Kolkata,Banglore,09:35:00,22:05:00,750,1.0,In-flight meal not included,10539
Indigo,2019-05-01,Kolkata,Banglore,15:30:00,18:05:00,155,0.0,No Info,4804
Multiple Carriers,2019-04-09,Delhi,Cochin,08:30:00,19:00:00,630,1.0,No Info,10877
Multiple Carriers,2019-06-09,Delhi,Cochin,12:50:00,21:00:00,490,1.0,No Info,7005
Multiple Carriers,2019-03-09,Delhi,Cochin,08:40:00,19:45:00,665,1.0,No Info,18492
Spicejet,2019-04-03,Mumbai,Hyderabad,13:15:00,14:45:00,90,0.0,No check-in baggage included,1965
Jet Airways,2019-05-06,Kolkata,Banglore,14:05:00,19:50:00,345,1.0,In-flight meal not included,10844
Spicejet,2019-06-24,Delhi,Cochin,08:45:00,13:15:00,270,1.0,No check-in baggage included,4760
Air India,2019-06-24,Delhi,Cochin,19:45:00,19:15:00,1410,2.0,No Info,9443
Vistara,2019-06-09,Kolkata,Banglore,07:10:00,22:55:00,945,1.0,No Info,8662
Indigo,2019-05-27,Delhi,Cochin,08:35:00,16:10:00,455,1.0,No Info,6442
Jet Airways,2019-03-15,Banglore,New Delhi,09:45:00,15:55:00,370,1.0,In-flight meal not included,7280
Multiple Carriers,2019-05-09,Delhi,Cochin,13:00:00,21:00:00,480,1.0,No Info,8073
Vistara,2019-03-24,Banglore,New Delhi,07:00:00,09:40:00,160,0.0,No Info,4878
Jet Airways,2019-03-12,Banglore,New Delhi,16:55:00,23:00:00,365,1.0,No Info,13817
Jet Airways,2019-04-15,Delhi,Cochin,14:00:00,19:00:00,300,1.0,In-flight meal not included,6542
Goair,2019-03-01,Banglore,New Delhi,07:45:00,10:40:00,175,0.0,No Info,13663
Jet Airways,2019-03-27,Delhi,Cochin,19:10:00,19:45:00,1475,2.0,No Info,10976
Vistara,2019-05-21,Kolkata,Banglore,20:20:00,20:20:00,1440,1.0,No Info,9345
Jet Airways,2019-06-09,Kolkata,Banglore,08:25:00,20:45:00,740,1.0,In-flight meal not included,10844
Jet Airways,2019-05-01,Kolkata,Banglore,17:00:00,18:00:00,1500,1.0,No Info,11467
Air India,2019-03-27,Chennai,Kolkata,11:40:00,13:55:00,135,0.0,No Info,3145
Jet Airways,2019-06-12,Delhi,Cochin,08:00:00,19:00:00,660,1.0,In-flight meal not included,10577
Vistara,2019-04-01,Kolkata,Banglore,20:20:00,23:25:00,1625,1.0,No Info,7927
Multiple Carriers,2019-06-24,Delhi,Cochin,14:00:00,21:00:00,420,1.0,No Info,13587
Indigo,2019-03-21,Delhi,Cochin,15:00:00,01:35:00,635,1.0,No Info,7006
Air India,2019-03-09,Delhi,Cochin,17:20:00,09:25:00,965,1.0,No Info,12415
Air Asia,2019-06-18,Kolkata,Banglore,09:45:00,12:15:00,150,0.0,No Info,3807
Spicejet,2019-05-27,Kolkata,Banglore,06:55:00,09:30:00,155,0.0,No check-in baggage included,3841
Vistara,2019-04-18,Banglore,Delhi,17:00:00,19:35:00,155,0.0,No Info,5613
Spicejet,2019-06-06,Banglore,Delhi,05:55:00,08:35:00,160,0.0,No Info,3625
Jet Airways,2019-03-21,Delhi,Cochin,02:15:00,04:25:00,1570,1.0,In-flight meal not included,7438
Indigo,2019-04-03,Mumbai,Hyderabad,16:55:00,18:25:00,90,0.0,No Info,3175
Multiple Carriers,2019-03-27,Delhi,Cochin,08:00:00,21:00:00,780,1.0,No Info,6883
Jet Airways,2019-04-24,Banglore,Delhi,18:55:00,22:00:00,185,0.0,No Info,7229
Jet Airways,2019-06-15,Delhi,Cochin,09:40:00,19:00:00,560,2.0,No Info,13014
Jet Airways,2019-06-03,Delhi,Cochin,19:45:00,04:25:00,520,1.0,No Info,14714
Jet Airways,2019-05-18,Kolkata,Banglore,09:35:00,09:45:00,1450,1.0,No Info,14151
Air India,2019-05-21,Kolkata,Banglore,14:30:00,12:30:00,1320,2.0,No Info,15107
Jet Airways,2019-06-09,Delhi,Cochin,09:40:00,12:35:00,1615,2.0,No Info,13014
Jet Airways,2019-05-24,Kolkata,Banglore,09:35:00,22:05:00,750,1.0,No Info,14151
Indigo,2019-05-18,Kolkata,Banglore,21:00:00,02:15:00,315,1.0,No Info,6534
Jet Airways,2019-06-06,Delhi,Cochin,19:15:00,04:25:00,550,1.0,No Info,14714
Multiple Carriers,2019-03-06,Delhi,Cochin,09:45:00,22:20:00,755,1.0,No Info,10276
Goair,2019-06-15,Banglore,Delhi,11:40:00,14:30:00,170,0.0,No Info,3898
Jet Airways,2019-05-21,Kolkata,Banglore,17:00:00,23:35:00,395,1.0,No Info,14151
Air India,2019-04-09,Delhi,Cochin,06:05:00,09:25:00,1640,1.0,No Info,4487
Air India,2019-03-24,Kolkata,Banglore,09:25:00,01:20:00,955,2.0,No Info,11853
Multiple Carriers,2019-06-09,Delhi,Cochin,11:35:00,21:00:00,565,3.0,No Info,15629
Air India,2019-05-18,Kolkata,Banglore,05:50:00,20:25:00,875,2.0,No Info,12093
Spicejet,2019-06-01,Kolkata,Banglore,17:10:00,19:40:00,150,0.0,No Info,4174
Air India,2019-03-12,Banglore,New Delhi,07:30:00,11:05:00,1655,2.0,No Info,11602
Vistara,2019-04-01,Kolkata,Banglore,20:20:00,22:55:00,1595,1.0,No Info,7770
Indigo,2019-06-06,Delhi,Cochin,07:35:00,12:10:00,275,1.0,No Info,5458
Jet Airways,2019-06-03,Delhi,Cochin,18:25:00,12:35:00,1090,2.0,No Info,14237
Air India,2019-03-24,Kolkata,Banglore,20:30:00,23:15:00,1605,1.0,No Info,10808
Jet Airways,2019-06-12,Delhi,Cochin,05:30:00,12:35:00,425,2.0,In-flight meal not included,13344
Air Asia,2019-03-24,Kolkata,Banglore,19:55:00,23:30:00,215,1.0,No Info,5554
Multiple Carriers,2019-05-18,Delhi,Cochin,07:00:00,19:00:00,720,1.0,No Info,10197
Vistara,2019-03-21,Banglore,New Delhi,16:00:00,18:35:00,155,0.0,No Info,5613
Multiple Carriers,2019-06-06,Delhi,Cochin,11:40:00,19:00:00,440,1.0,No Info,11789
Multiple Carriers,2019-06-24,Delhi,Cochin,10:00:00,19:00:00,540,1.0,No Info,12717
Jet Airways,2019-06-06,Kolkata,Banglore,17:00:00,23:35:00,395,1.0,In-flight meal not included,13469
Jet Airways,2019-03-06,Delhi,Cochin,13:00:00,04:25:00,925,1.0,No Info,15764
Multiple Carriers,2019-05-18,Delhi,Cochin,10:00:00,01:30:00,930,1.0,No Info,8073
Air India,2019-06-21,Mumbai,Hyderabad,06:20:00,07:40:00,80,0.0,No Info,3100
Air Asia,2019-06-06,Banglore,Delhi,11:10:00,13:55:00,165,0.0,No Info,4483
Jet Airways,2019-05-06,Kolkata,Banglore,16:30:00,23:35:00,425,1.0,In-flight meal not included,11841
Jet Airways,2019-06-03,Delhi,Cochin,14:00:00,04:25:00,865,1.0,No Info,14714
Jet Airways,2019-06-09,Kolkata,Banglore,14:05:00,23:35:00,570,1.0,No Info,14571
Indigo,2019-06-15,Kolkata,Banglore,04:40:00,07:15:00,155,0.0,No Info,4804
Vistara,2019-05-18,Banglore,Delhi,07:00:00,09:40:00,160,0.0,No Info,4878
Goair,2019-04-24,Delhi,Cochin,07:00:00,12:55:00,355,1.0,No Info,6195
Jet Airways,2019-06-24,Delhi,Cochin,11:30:00,12:35:00,1505,1.0,In-flight meal not included,10262
Jet Airways,2019-03-06,Banglore,New Delhi,14:05:00,00:45:00,640,1.0,No Info,14815
Multiple Carriers,2019-06-09,Delhi,Cochin,15:15:00,01:30:00,615,1.0,No Info,6795
Air India,2019-04-27,Banglore,Delhi,10:00:00,12:45:00,165,0.0,No Info,5228
Multiple Carriers,2019-03-06,Delhi,Cochin,11:30:00,19:15:00,465,1.0,No Info,15077
Jet Airways,2019-05-21,Kolkata,Banglore,08:25:00,19:50:00,685,1.0,No Info,14781
Jet Airways,2019-05-21,Kolkata,Banglore,17:00:00,09:45:00,1005,1.0,No Info,13067
Jet Airways,2019-05-21,Banglore,Delhi,19:50:00,22:50:00,180,0.0,No Info,7229
Indigo,2019-03-21,Chennai,Kolkata,11:35:00,14:00:00,145,0.0,No Info,3858
Air India,2019-05-09,Delhi,Cochin,12:55:00,19:15:00,1820,2.0,No Info,11596
Jet Airways,2019-05-09,Kolkata,Banglore,21:10:00,12:00:00,890,1.0,In-flight meal not included,9663
Jet Airways,2019-06-06,Delhi,Cochin,20:55:00,04:25:00,450,1.0,In-flight meal not included,10262
Indigo,2019-06-27,Banglore,Delhi,00:25:00,03:15:00,170,0.0,No Info,3419
Multiple Carriers,2019-03-06,Delhi,Cochin,07:30:00,19:15:00,705,1.0,No Info,15353
Jet Airways,2019-05-18,Delhi,Cochin,09:00:00,19:00:00,600,1.0,In-flight meal not included,12373
Air India,2019-06-09,Kolkata,Banglore,20:30:00,20:25:00,1435,1.0,No Info,10203
Jet Airways,2019-05-03,Mumbai,Hyderabad,10:20:00,11:50:00,90,0.0,In-flight meal not included,4995
Indigo,2019-05-01,Mumbai,Hyderabad,09:10:00,10:40:00,90,0.0,No Info,4575
Jet Airways,2019-05-01,Kolkata,Banglore,09:35:00,10:55:00,1520,1.0,No Info,12121
Jet Airways,2019-06-27,Delhi,Cochin,09:40:00,12:35:00,1615,2.0,In-flight meal not included,11118
Air India,2019-06-03,Delhi,Cochin,12:20:00,19:15:00,1855,2.0,No Info,12488
Jet Airways,2019-06-03,Delhi,Cochin,19:30:00,04:25:00,535,2.0,In-flight meal not included,10368
Vistara,2019-05-24,Banglore,Delhi,11:30:00,14:20:00,170,0.0,No Info,4668
Indigo,2019-03-01,Banglore,New Delhi,18:55:00,21:45:00,170,0.0,No Info,14306
Spicejet,2019-05-27,Delhi,Cochin,08:45:00,13:15:00,270,1.0,No check-in baggage included,5158
Vistara,2019-04-27,Delhi,Cochin,14:40:00,17:50:00,190,0.0,No Info,6216
Indigo,2019-06-09,Kolkata,Banglore,14:25:00,16:55:00,150,0.0,No Info,5644
Indigo,2019-06-27,Delhi,Cochin,14:20:00,22:30:00,490,1.0,No Info,6412
Jet Airways,2019-03-06,Delhi,Cochin,18:15:00,19:45:00,1530,1.0,No Info,17024
Spicejet,2019-05-27,Kolkata,Banglore,17:10:00,19:40:00,150,0.0,No Info,3873
Multiple Carriers,2019-06-09,Delhi,Cochin,11:40:00,21:00:00,560,1.0,No Info,7005
Multiple Carriers,2019-06-09,Delhi,Cochin,10:20:00,21:00:00,640,1.0,No Info,7005
Jet Airways,2019-04-01,Banglore,Delhi,17:45:00,20:45:00,180,0.0,No Info,7229
Jet Airways,2019-05-09,Delhi,Cochin,13:00:00,04:25:00,925,1.0,In-flight meal not included,12373
Jet Airways,2019-03-09,Delhi,Cochin,08:00:00,19:45:00,705,1.0,No Info,17549
Air India,2019-06-06,Delhi,Cochin,20:40:00,09:25:00,765,1.0,No Info,7952
Indigo,2019-05-27,Chennai,Kolkata,14:45:00,17:05:00,140,0.0,No Info,3597
Indigo,2019-06-24,Mumbai,Hyderabad,19:05:00,20:35:00,90,0.0,No Info,2754
Air India,2019-03-21,Delhi,Cochin,13:00:00,19:15:00,375,1.0,No Info,7934
Jet Airways,2019-03-24,Kolkata,Banglore,21:10:00,23:25:00,1575,1.0,In-flight meal not included,10031
Indigo,2019-03-21,Banglore,New Delhi,06:00:00,08:45:00,165,0.0,No Info,5734
Spicejet,2019-03-03,Chennai,Kolkata,08:20:00,10:35:00,135,0.0,No Info,7050
Air Asia,2019-04-03,Kolkata,Banglore,22:50:00,01:20:00,150,0.0,No Info,3807
Vistara,2019-06-03,Delhi,Cochin,14:40:00,17:50:00,190,0.0,No Info,6216
Indigo,2019-06-12,Kolkata,Banglore,21:00:00,02:15:00,315,1.0,No Info,5930
Air India,2019-05-18,Delhi,Cochin,10:55:00,07:40:00,1245,2.0,No Info,13486
Indigo,2019-06-09,Delhi,Cochin,06:50:00,22:30:00,940,1.0,No Info,6442
Jet Airways,2019-05-27,Delhi,Cochin,20:55:00,12:35:00,940,1.0,In-flight meal not included,12898
Indigo,2019-03-09,Chennai,Kolkata,11:35:00,14:00:00,145,0.0,No Info,6297
Jet Airways,2019-03-06,Banglore,New Delhi,11:40:00,05:05:00,1045,1.0,No Info,16736
Jet Airways,2019-05-21,Kolkata,Banglore,20:25:00,19:10:00,1365,1.0,No Info,13067
Spicejet,2019-04-01,Banglore,Delhi,05:55:00,08:35:00,160,0.0,No Info,3971
Jet Airways,2019-05-09,Delhi,Cochin,19:45:00,04:25:00,520,1.0,In-flight meal not included,12373
Indigo,2019-05-27,Delhi,Cochin,08:30:00,21:00:00,750,1.0,No Info,6838
Air India,2019-05-24,Kolkata,Banglore,16:50:00,13:45:00,1255,2.0,No Info,12802
Jet Airways,2019-05-18,Delhi,Cochin,14:35:00,04:25:00,830,2.0,In-flight meal not included,13848
Air India,2019-06-24,Delhi,Cochin,17:40:00,23:00:00,320,1.0,No Info,7174
Spicejet,2019-05-21,Banglore,Delhi,21:10:00,00:05:00,175,0.0,No Info,3625
Air India,2019-03-09,Banglore,New Delhi,17:00:00,03:40:00,640,1.0,No Info,8767
Indigo,2019-03-03,Banglore,New Delhi,14:25:00,19:25:00,300,1.0,No Info,11873
Jet Airways,2019-04-09,Delhi,Cochin,22:50:00,04:25:00,335,1.0,No Info,12242
Spicejet,2019-05-18,Kolkata,Banglore,06:55:00,09:30:00,155,0.0,No check-in baggage included,3841
Indigo,2019-06-15,Delhi,Cochin,17:30:00,01:30:00,480,1.0,No Info,5883
Indigo,2019-05-06,Mumbai,Hyderabad,12:00:00,13:30:00,90,0.0,No Info,2754
Jet Airways,2019-04-01,Kolkata,Banglore,08:25:00,18:15:00,590,1.0,No Info,12681
Multiple Carriers,2019-03-21,Delhi,Cochin,07:05:00,21:00:00,835,1.0,No Info,13062
Multiple Carriers,2019-06-03,Delhi,Cochin,14:55:00,22:30:00,455,1.0,No Info,7038
Multiple Carriers,2019-05-18,Delhi,Cochin,19:00:00,01:30:00,390,1.0,No Info,7670
Vistara,2019-05-12,Delhi,Cochin,06:00:00,09:10:00,190,0.0,No Info,6216
Multiple Carriers,2019-06-12,Delhi,Cochin,07:05:00,22:30:00,925,1.0,No Info,9646
Air India,2019-03-01,Banglore,New Delhi,06:45:00,12:15:00,330,1.0,No Info,23677
Air India,2019-05-27,Delhi,Cochin,21:00:00,19:15:00,1335,1.0,No Info,8372
Indigo,2019-03-27,Delhi,Cochin,10:45:00,01:35:00,890,1.0,No Info,6628
Jet Airways,2019-05-12,Mumbai,Hyderabad,02:55:00,04:20:00,85,0.0,No Info,5678
Multiple Carriers,2019-03-21,Delhi,Cochin,19:00:00,01:35:00,395,1.0,No Info,6838
Spicejet,2019-03-03,Kolkata,Banglore,06:55:00,09:35:00,160,0.0,No Info,4622
Vistara,2019-06-06,Banglore,Delhi,19:30:00,22:15:00,165,0.0,No Info,5088
Multiple Carriers,2019-03-06,Delhi,Cochin,10:00:00,18:50:00,530,1.0,No Info,16497
Vistara,2019-05-24,Kolkata,Banglore,07:10:00,23:25:00,975,1.0,No Info,9345
Spicejet,2019-06-21,Kolkata,Banglore,22:20:00,00:40:00,140,0.0,No Info,3873
Air India,2019-03-03,Delhi,Cochin,19:45:00,19:15:00,1410,2.0,No Info,12856
Indigo,2019-06-01,Banglore,Delhi,21:15:00,00:15:00,180,0.0,No Info,3943
Jet Airways,2019-06-09,Delhi,Cochin,22:50:00,04:25:00,335,1.0,No Info,14714
Air India,2019-04-27,Delhi,Cochin,05:15:00,06:50:00,1535,1.0,No Info,6587
Multiple Carriers,2019-06-03,Delhi,Cochin,08:45:00,19:15:00,630,1.0,No Info,9001
Spicejet,2019-03-06,Delhi,Cochin,15:55:00,21:55:00,360,1.0,No Info,9748
Multiple Carriers,2019-05-27,Delhi,Cochin,15:00:00,01:30:00,630,1.0,In-flight meal not included,6943
Multiple Carriers,2019-06-24,Delhi,Cochin,09:00:00,19:00:00,600,1.0,No Info,12927
Spicejet,2019-04-15,Banglore,Delhi,09:30:00,12:20:00,170,0.0,No check-in baggage included,4319
Jet Airways,2019-06-09,Kolkata,Banglore,17:00:00,14:25:00,1285,1.0,No Info,14151
Jet Airways,2019-06-09,Kolkata,Banglore,21:10:00,08:15:00,665,1.0,In-flight meal not included,11841
Jet Airways,2019-05-09,Kolkata,Banglore,20:25:00,14:25:00,1080,1.0,No Info,11467
Goair,2019-06-12,Delhi,Cochin,07:25:00,13:35:00,370,1.0,No Info,5842
Jet Airways,2019-05-01,Kolkata,Banglore,18:55:00,10:05:00,910,1.0,No Info,13941
Jet Airways,2019-03-24,Kolkata,Banglore,21:10:00,18:10:00,1260,1.0,No Info,13759
Jet Airways,2019-03-27,Delhi,Cochin,23:05:00,04:25:00,320,1.0,In-flight meal not included,7438
Indigo,2019-06-24,Mumbai,Hyderabad,09:10:00,10:40:00,90,0.0,No Info,4049
Air Asia,2019-04-27,Delhi,Cochin,07:55:00,22:25:00,870,1.0,No Info,6451
Spicejet,2019-06-21,Banglore,Delhi,05:55:00,08:35:00,160,0.0,No check-in baggage included,3919
Indigo,2019-05-15,Kolkata,Banglore,20:20:00,22:55:00,155,0.0,No Info,4804
Air India,2019-04-15,Banglore,Delhi,21:05:00,23:55:00,170,0.0,No Info,5228
Jet Airways,2019-03-24,Kolkata,Banglore,13:55:00,09:15:00,1160,1.0,In-flight meal not included,11134
Jet Airways,2019-04-09,Banglore,Delhi,15:50:00,18:45:00,175,0.0,No Info,7229
Multiple Carriers,2019-06-09,Delhi,Cochin,07:05:00,16:10:00,545,1.0,No Info,9646
Jet Airways,2019-06-06,Delhi,Cochin,11:30:00,19:00:00,450,1.0,No Info,14714
Jet Airways,2019-03-21,Delhi,Cochin,10:45:00,18:50:00,1925,2.0,No Info,11093
Multiple Carriers,2019-06-15,Delhi,Cochin,06:40:00,19:15:00,755,1.0,No Info,8614
Jet Airways,2019-03-27,Delhi,Cochin,09:55:00,04:25:00,1110,1.0,In-flight meal not included,6540
Vistara,2019-05-03,Banglore,Delhi,11:30:00,14:20:00,170,0.0,No Info,4668
Air India,2019-03-06,Banglore,New Delhi,06:45:00,12:15:00,330,1.0,No Info,13912
Air India,2019-03-06,Mumbai,Hyderabad,19:00:00,09:10:00,850,1.0,No Info,12308
Jet Airways,2019-06-01,Delhi,Cochin,19:30:00,04:25:00,535,2.0,No Info,13014
Spicejet,2019-06-09,Kolkata,Banglore,17:10:00,19:40:00,150,0.0,No check-in baggage included,3841
Jet Airways,2019-05-21,Kolkata,Banglore,10:20:00,17:35:00,435,1.0,In-flight meal not included,5608
Air India,2019-05-27,Delhi,Cochin,06:50:00,07:40:00,1490,2.0,No Info,16163
Multiple Carriers,2019-03-03,Delhi,Cochin,07:05:00,16:10:00,545,1.0,No Info,7905
Indigo,2019-05-15,Mumbai,Hyderabad,16:55:00,18:25:00,90,0.0,No Info,3175
Jet Airways,2019-05-21,Delhi,Cochin,13:25:00,19:00:00,1775,2.0,No Info,15129
Multiple Carriers,2019-03-21,Delhi,Cochin,07:30:00,19:15:00,705,1.0,No Info,9100
Goair,2019-05-24,Kolkata,Banglore,23:30:00,07:45:00,495,1.0,No Info,7335
Air India,2019-05-01,Kolkata,Banglore,14:35:00,14:35:00,1440,1.0,No Info,7001
Goair,2019-06-27,Kolkata,Banglore,15:20:00,17:55:00,155,0.0,No Info,3514
Jet Airways,2019-05-27,Delhi,Cochin,18:15:00,12:35:00,1100,1.0,In-flight meal not included,12898
Jet Airways,2019-06-09,Kolkata,Banglore,09:35:00,14:25:00,1730,1.0,No Info,14151
Jet Airways,2019-05-01,Kolkata,Banglore,17:00:00,23:35:00,395,1.0,No Info,13067
Jet Airways,2019-06-24,Delhi,Cochin,09:35:00,04:25:00,1130,2.0,No Info,13292
Indigo,2019-06-15,Banglore,Delhi,13:00:00,15:50:00,170,0.0,No Info,3943
Multiple Carriers,2019-05-21,Delhi,Cochin,11:40:00,01:30:00,830,1.0,No Info,7485
Air India,2019-05-24,Kolkata,Banglore,10:00:00,01:20:00,920,2.0,No Info,13873
Indigo,2019-03-21,Delhi,Cochin,17:10:00,01:35:00,505,1.0,No Info,7318
Jet Airways,2019-03-21,Delhi,Cochin,05:40:00,04:25:00,1365,2.0,No Info,11543
Indigo,2019-06-27,Banglore,Delhi,04:00:00,06:50:00,170,0.0,No Info,3943
Indigo,2019-03-09,Delhi,Cochin,06:40:00,21:00:00,860,1.0,No Info,12351
Air India,2019-06-24,Delhi,Cochin,12:00:00,19:15:00,435,2.0,No Info,9548
Jet Airways,2019-03-18,Banglore,New Delhi,05:45:00,18:25:00,760,1.0,No Info,12284
Jet Airways,2019-03-09,Banglore,New Delhi,21:25:00,07:40:00,615,1.0,In-flight meal not included,7832
Spicejet,2019-05-06,Kolkata,Banglore,22:20:00,00:40:00,140,0.0,No Info,3873
Jet Airways,2019-06-06,Delhi,Cochin,20:55:00,19:00:00,1325,1.0,No Info,14714
Multiple Carriers,2019-06-12,Delhi,Cochin,12:50:00,01:30:00,760,1.0,No Info,6795
Jet Airways,2019-04-01,Kolkata,Banglore,18:55:00,08:15:00,800,1.0,No Info,12681
Jet Airways,2019-03-24,Banglore,New Delhi,11:10:00,14:05:00,175,0.0,No Info,7229
Air India,2019-06-09,Kolkata,Banglore,09:25:00,13:45:00,1700,2.0,No Info,11752
Indigo,2019-06-12,Banglore,Delhi,08:30:00,11:20:00,170,0.0,No Info,4823
Air Asia,2019-05-03,Kolkata,Banglore,19:55:00,22:25:00,150,0.0,No Info,5989
Indigo,2019-03-03,Chennai,Kolkata,19:35:00,21:55:00,140,0.0,No Info,7295
Multiple Carriers,2019-05-09,Delhi,Cochin,09:00:00,21:00:00,720,1.0,No Info,13727
Multiple Carriers,2019-03-01,Delhi,Cochin,12:50:00,19:15:00,385,1.0,No Info,36983
Jet Airways,2019-06-24,Delhi,Cochin,05:30:00,04:25:00,1375,2.0,No Info,13292
Multiple Carriers,2019-03-03,Delhi,Cochin,13:05:00,22:20:00,555,1.0,No Info,14153
Indigo,2019-06-01,Chennai,Kolkata,11:35:00,14:00:00,145,0.0,No Info,3858
Indigo,2019-06-15,Delhi,Cochin,09:15:00,21:00:00,705,1.0,No Info,6838
Multiple Carriers,2019-05-27,Delhi,Cochin,16:00:00,01:30:00,570,1.0,No Info,13377
Spicejet,2019-03-09,Mumbai,Hyderabad,08:50:00,10:15:00,85,0.0,No Info,5755
Jet Airways,2019-04-09,Delhi,Cochin,13:25:00,12:35:00,1390,2.0,No Info,9483
Indigo,2019-05-18,Kolkata,Banglore,15:15:00,20:05:00,290,1.0,No Info,4775
Jet Airways,2019-06-06,Delhi,Cochin,14:35:00,04:25:00,830,2.0,In-flight meal not included,10919
Jet Airways,2019-05-15,Kolkata,Banglore,17:00:00,21:05:00,1685,1.0,No Info,14151
Air India,2019-03-12,Banglore,New Delhi,11:50:00,19:50:00,480,1.0,No Info,11707
Jet Airways,2019-03-18,Banglore,New Delhi,18:40:00,07:40:00,780,1.0,In-flight meal not included,10972
Jet Airways,2019-06-06,Kolkata,Banglore,20:00:00,08:15:00,735,1.0,No Info,14571
Indigo,2019-06-27,Delhi,Cochin,02:00:00,07:25:00,325,1.0,No Info,5636
Air India,2019-03-06,Mumbai,Hyderabad,12:00:00,12:25:00,1465,1.0,No Info,14408
Spicejet,2019-04-09,Banglore,Delhi,05:55:00,08:35:00,160,0.0,No Info,3971
Indigo,2019-04-03,Delhi,Cochin,10:35:00,15:35:00,300,1.0,No Info,5073
Indigo,2019-06-24,Chennai,Kolkata,07:55:00,10:15:00,140,0.0,No Info,3850
Vistara,2019-03-18,Delhi,Cochin,14:55:00,17:50:00,175,0.0,No Info,5586
Jet Airways,2019-05-21,Kolkata,Banglore,06:30:00,16:20:00,590,1.0,In-flight meal not included,10844
Jet Airways,2019-05-09,Kolkata,Banglore,14:05:00,12:00:00,1315,1.0,In-flight meal not included,9663
Spicejet,2019-05-18,Kolkata,Banglore,06:55:00,09:30:00,155,0.0,No Info,3873
Indigo,2019-05-21,Delhi,Cochin,06:40:00,21:00:00,860,1.0,No Info,7006
Jet Airways,2019-03-06,Delhi,Cochin,13:00:00,18:50:00,350,1.0,In-flight meal not included,15103
Multiple Carriers,2019-05-15,Delhi,Cochin,18:15:00,01:30:00,435,1.0,No Info,13727
Vistara,2019-03-24,Banglore,New Delhi,16:00:00,18:35:00,155,0.0,No Info,5088
Jet Airways,2019-04-27,Banglore,Delhi,17:45:00,20:45:00,180,0.0,In-flight meal not included,4544
Indigo,2019-06-06,Delhi,Cochin,10:35:00,01:30:00,895,1.0,No Info,5883
Indigo,2019-05-27,Banglore,Delhi,21:15:00,00:15:00,180,0.0,No Info,3943
Goair,2019-05-18,Banglore,Delhi,20:55:00,23:40:00,165,0.0,No Info,4632
Jet Airways,2019-05-27,Delhi,Cochin,23:05:00,19:00:00,1195,2.0,No Info,15129
Jet Airways,2019-05-18,Kolkata,Banglore,20:00:00,09:20:00,800,1.0,No Info,14781
Multiple Carriers,2019-03-09,Delhi,Cochin,07:05:00,21:20:00,855,2.0,No Info,8620
Jet Airways,2019-03-21,Delhi,Cochin,19:15:00,18:50:00,1415,2.0,In-flight meal not included,8938
Vistara,2019-06-03,Banglore,Delhi,07:00:00,09:40:00,160,0.0,No Info,4668
Indigo,2019-05-27,Delhi,Cochin,10:35:00,21:00:00,625,1.0,No Info,6314
Indigo,2019-06-06,Delhi,Cochin,17:05:00,22:25:00,320,1.0,No Info,6493
Indigo,2019-05-24,Mumbai,Hyderabad,02:35:00,04:05:00,90,0.0,No Info,3342
Indigo,2019-04-24,Kolkata,Banglore,21:25:00,00:05:00,160,0.0,No Info,4804
Air Asia,2019-05-15,Delhi,Cochin,20:45:00,07:10:00,625,1.0,No Info,6853
Air India,2019-06-27,Delhi,Cochin,05:15:00,07:40:00,1585,3.0,No Info,11543
Jet Airways,2019-05-24,Banglore,Delhi,07:10:00,10:10:00,180,0.0,In-flight meal not included,4030
Indigo,2019-06-27,Banglore,Delhi,22:10:00,01:00:00,170,0.0,No Info,3419
Jet Airways,2019-06-15,Delhi,Cochin,11:30:00,19:00:00,450,1.0,In-flight meal not included,10262
Jet Airways,2019-05-21,Kolkata,Banglore,09:35:00,14:25:00,1730,1.0,In-flight meal not included,9314
Air India,2019-03-03,Banglore,New Delhi,08:15:00,23:10:00,895,1.0,No Info,6781
Indigo,2019-05-21,Delhi,Cochin,17:05:00,22:15:00,310,1.0,No Info,6147
Air India,2019-04-27,Delhi,Cochin,14:10:00,17:10:00,180,0.0,No Info,6094
Jet Airways,2019-06-09,Kolkata,Banglore,17:00:00,21:05:00,1685,1.0,In-flight meal not included,10539
Jet Airways,2019-03-01,Banglore,New Delhi,08:00:00,20:20:00,740,1.0,No Info,27992
Indigo,2019-04-09,Kolkata,Banglore,21:25:00,00:05:00,160,0.0,No Info,4174
Jet Airways,2019-05-27,Banglore,Delhi,18:55:00,22:00:00,185,0.0,In-flight meal not included,3359
Vistara,2019-05-15,Kolkata,Banglore,20:20:00,22:40:00,1580,1.0,No Info,8452
Air India,2019-06-12,Kolkata,Banglore,16:50:00,11:10:00,1100,1.0,No Info,8366
Jet Airways,2019-06-09,Kolkata,Banglore,14:05:00,19:50:00,345,1.0,No Info,14571
Indigo,2019-04-24,Kolkata,Banglore,15:15:00,20:05:00,290,1.0,No Info,4565
Spicejet,2019-04-15,Kolkata,Banglore,22:20:00,00:40:00,140,0.0,No check-in baggage included,3841
Air Asia,2019-05-09,Banglore,Delhi,11:10:00,13:55:00,165,0.0,No Info,3383
Indigo,2019-06-18,Mumbai,Hyderabad,19:05:00,20:35:00,90,0.0,No Info,2754
Jet Airways,2019-06-06,Kolkata,Banglore,08:25:00,16:20:00,475,1.0,In-flight meal not included,10844
Multiple Carriers,2019-03-06,Delhi,Cochin,12:50:00,01:35:00,765,1.0,No Info,15147
Vistara,2019-03-06,Mumbai,Hyderabad,20:55:00,16:45:00,1190,1.0,No Info,12395
Indigo,2019-05-01,Mumbai,Hyderabad,06:25:00,07:55:00,90,0.0,No Info,4392
Goair,2019-03-03,Banglore,New Delhi,07:45:00,10:40:00,175,0.0,No Info,7222
Jet Airways,2019-05-21,Kolkata,Banglore,06:30:00,07:25:00,1495,2.0,In-flight meal not included,10118
Jet Airways,2019-06-12,Kolkata,Banglore,06:30:00,10:05:00,1655,1.0,In-flight meal not included,8529
Spicejet,2019-04-27,Banglore,Delhi,09:30:00,12:20:00,170,0.0,No check-in baggage included,4885
Indigo,2019-05-18,Banglore,Delhi,20:00:00,22:50:00,170,0.0,No Info,4823
Indigo,2019-03-21,Banglore,New Delhi,13:00:00,15:50:00,170,0.0,No Info,5694
Spicejet,2019-06-12,Delhi,Cochin,08:45:00,13:15:00,270,1.0,No check-in baggage included,5158
Indigo,2019-03-09,Banglore,New Delhi,01:30:00,04:15:00,165,0.0,No Info,4545
Jet Airways,2019-05-01,Kolkata,Banglore,16:30:00,22:35:00,365,1.0,In-flight meal not included,10844
Multiple Carriers,2019-04-09,Delhi,Cochin,12:50:00,19:15:00,385,1.0,No Info,6481
Jet Airways,2019-03-09,Delhi,Cochin,10:45:00,04:25:00,1060,2.0,No Info,17282
Air India,2019-06-24,Delhi,Cochin,22:00:00,19:15:00,1275,2.0,No Info,9181
Jet Airways,2019-03-09,Delhi,Cochin,20:10:00,04:25:00,495,2.0,No Info,20904
Spicejet,2019-03-27,Kolkata,Banglore,17:15:00,19:45:00,150,0.0,No check-in baggage included,3815
Multiple Carriers,2019-03-21,Delhi,Cochin,13:00:00,21:00:00,480,1.0,No Info,7618
Jet Airways,2019-06-24,Delhi,Cochin,11:00:00,14:15:00,195,0.0,No Info,9564
Jet Airways,2019-06-24,Delhi,Cochin,23:05:00,12:35:00,810,2.0,No Info,12819
Indigo,2019-06-06,Delhi,Cochin,15:00:00,01:30:00,630,1.0,No Info,5883
Jet Airways,2019-03-24,Kolkata,Banglore,21:10:00,10:05:00,775,1.0,No Info,14914
Air India,2019-03-06,Delhi,Cochin,19:45:00,19:15:00,1410,2.0,No Info,12646
Multiple Carriers,2019-05-09,Delhi,Cochin,11:40:00,19:15:00,455,1.0,No Info,8266
Jet Airways,2019-03-18,Banglore,New Delhi,08:55:00,19:10:00,615,1.0,No Info,13555
Jet Airways,2019-05-21,Kolkata,Banglore,21:10:00,10:05:00,775,1.0,In-flight meal not included,8586
Jet Airways,2019-05-21,Mumbai,Hyderabad,07:05:00,08:30:00,85,0.0,No Info,8040
Jet Airways,2019-05-21,Kolkata,Banglore,10:20:00,17:35:00,435,1.0,No Info,8355
Jet Airways,2019-04-01,Kolkata,Banglore,08:25:00,20:45:00,740,1.0,No Info,12681
Air Asia,2019-04-01,Kolkata,Banglore,07:35:00,19:25:00,710,1.0,No Info,5192
Air India,2019-05-21,Banglore,Delhi,10:00:00,12:45:00,165,0.0,No Info,6961
Jet Airways,2019-05-21,Delhi,Cochin,13:25:00,12:35:00,1390,2.0,No Info,15129
Air India,2019-05-12,Chennai,Kolkata,11:40:00,13:55:00,135,0.0,No Info,4667
Air India,2019-06-12,Delhi,Cochin,09:00:00,19:15:00,615,1.0,No Info,8372
Jet Airways,2019-05-18,Delhi,Cochin,17:30:00,04:25:00,655,1.0,In-flight meal not included,12373
Air India,2019-05-27,Mumbai,Hyderabad,21:05:00,22:25:00,80,0.0,No Info,3100
Jet Airways,2019-03-03,Delhi,Cochin,07:05:00,18:50:00,705,1.0,No Info,17024
Indigo,2019-05-06,Mumbai,Hyderabad,06:25:00,07:55:00,90,0.0,No Info,4049
Jet Airways,2019-03-09,Delhi,Cochin,21:50:00,04:25:00,395,1.0,No Info,15029
Indigo,2019-03-18,Chennai,Kolkata,13:20:00,15:35:00,135,0.0,No Info,3858
Air India,2019-06-18,Banglore,Delhi,10:00:00,12:45:00,165,0.0,No Info,6961
Indigo,2019-03-24,Banglore,New Delhi,04:00:00,06:50:00,170,0.0,No Info,4777
Indigo,2019-03-27,Delhi,Cochin,07:30:00,13:20:00,350,1.0,No Info,8227
Indigo,2019-06-06,Delhi,Cochin,07:30:00,21:00:00,810,1.0,No Info,6093
Indigo,2019-05-09,Mumbai,Hyderabad,02:35:00,04:05:00,90,0.0,No Info,2754
Jet Airways,2019-06-12,Delhi,Cochin,20:55:00,04:25:00,450,1.0,No Info,14714
Jet Airways,2019-06-09,Delhi,Cochin,15:00:00,19:00:00,1680,1.0,In-flight meal not included,10262
Indigo,2019-05-15,Delhi,Cochin,14:20:00,22:30:00,490,1.0,No Info,6412
Jet Airways,2019-05-09,Delhi,Cochin,11:40:00,19:00:00,440,2.0,No Info,21219
Multiple Carriers,2019-03-21,Delhi,Cochin,08:55:00,15:30:00,395,1.0,No Info,11269
Indigo,2019-05-27,Kolkata,Banglore,17:15:00,19:50:00,155,0.0,No Info,4804
Jet Airways,2019-05-12,Kolkata,Banglore,17:00:00,21:05:00,1685,1.0,In-flight meal not included,10703
Jet Airways,2019-05-24,Kolkata,Banglore,20:00:00,12:00:00,960,1.0,No Info,14571
Jet Airways,2019-03-27,Delhi,Cochin,18:15:00,04:25:00,610,1.0,In-flight meal not included,6540
Spicejet,2019-06-21,Kolkata,Banglore,17:10:00,19:40:00,150,0.0,No check-in baggage included,3841
Air Asia,2019-03-15,Kolkata,Banglore,22:50:00,01:20:00,150,0.0,No Info,3782
Jet Airways,2019-05-09,Banglore,Delhi,18:55:00,22:00:00,185,0.0,No Info,7229
Jet Airways,2019-06-06,Delhi,Cochin,09:00:00,19:00:00,600,1.0,No Info,14714
Multiple Carriers,2019-06-27,Delhi,Cochin,08:00:00,21:00:00,780,1.0,No Info,7408
Jet Airways,2019-05-09,Delhi,Cochin,19:15:00,04:25:00,550,1.0,In-flight meal not included,12373
Air India,2019-06-15,Delhi,Cochin,10:00:00,19:15:00,555,1.0,No Info,11241
Jet Airways,2019-04-01,Kolkata,Banglore,16:30:00,19:50:00,1640,1.0,No Info,12681
Vistara,2019-03-06,Mumbai,Hyderabad,20:55:00,22:55:00,1560,1.0,No Info,12395
Air India,2019-03-27,Mumbai,Hyderabad,06:20:00,07:40:00,80,0.0,No Info,2575
Indigo,2019-03-15,Banglore,New Delhi,18:25:00,21:20:00,175,0.0,No Info,8855
Jet Airways,2019-03-18,Banglore,New Delhi,14:05:00,19:10:00,305,1.0,In-flight meal not included,13502
Multiple Carriers,2019-06-06,Delhi,Cochin,07:30:00,19:15:00,705,1.0,No Info,7354
Spicejet,2019-06-24,Delhi,Cochin,15:45:00,22:05:00,380,1.0,No Info,5583
Indigo,2019-06-06,Kolkata,Banglore,22:15:00,00:50:00,155,0.0,No Info,4804
Jet Airways,2019-03-18,Banglore,New Delhi,21:25:00,09:30:00,725,1.0,No Info,13555
Multiple Carriers,2019-05-27,Delhi,Cochin,08:00:00,19:15:00,675,1.0,In-flight meal not included,11761
Jet Airways,2019-05-06,Kolkata,Banglore,09:35:00,21:05:00,690,1.0,In-flight meal not included,10703
Jet Airways,2019-05-24,Kolkata,Banglore,18:55:00,12:00:00,1025,1.0,No Info,14571
Jet Airways,2019-06-01,Banglore,Delhi,07:10:00,10:10:00,180,0.0,In-flight meal not included,7229
Jet Airways,2019-04-09,Delhi,Cochin,09:40:00,04:25:00,1125,2.0,No Info,10909
Air India,2019-03-21,Delhi,Cochin,07:00:00,19:15:00,735,1.0,No Info,7934
Jet Airways,2019-03-24,Kolkata,Banglore,19:45:00,18:10:00,1345,1.0,In-flight meal not included,10031
Spicejet,2019-05-21,Banglore,Delhi,05:55:00,08:35:00,160,0.0,No check-in baggage included,3257
Air India,2019-03-21,Delhi,Cochin,19:00:00,19:15:00,1455,1.0,No Info,6587
Vistara,2019-03-24,Banglore,New Delhi,21:10:00,00:05:00,175,0.0,No Info,4353
Jet Airways,2019-06-09,Delhi,Cochin,07:05:00,04:25:00,1280,1.0,In-flight meal not included,10262
Jet Airways,2019-06-24,Delhi,Cochin,05:30:00,12:35:00,425,2.0,No Info,14441
Indigo,2019-03-03,Kolkata,Banglore,22:10:00,00:55:00,165,0.0,No Info,5618
Indigo,2019-03-24,Kolkata,Banglore,05:35:00,11:20:00,345,1.0,No Info,9319
Jet Airways,2019-03-27,Delhi,Cochin,16:00:00,04:25:00,745,1.0,No Info,12242
Vistara,2019-06-06,Banglore,Delhi,09:45:00,12:35:00,170,0.0,No Info,4668
Indigo,2019-04-27,Kolkata,Banglore,04:40:00,07:15:00,155,0.0,No Info,4804
Jet Airways,2019-05-18,Delhi,Cochin,07:05:00,19:00:00,715,1.0,No Info,15554
Jet Airways,2019-05-06,Kolkata,Banglore,09:35:00,19:10:00,575,1.0,In-flight meal not included,12384
Jet Airways,2019-06-27,Banglore,Delhi,06:00:00,08:45:00,165,0.0,In-flight meal not included,6478
Jet Airways,2019-05-21,Delhi,Cochin,19:30:00,12:35:00,1025,2.0,In-flight meal not included,13029
Indigo,2019-06-12,Banglore,Delhi,23:30:00,02:20:00,170,0.0,No Info,3943
Air India,2019-04-01,Kolkata,Banglore,09:50:00,23:15:00,805,2.0,No Info,12125
Air India,2019-03-21,Delhi,Cochin,20:30:00,23:00:00,1590,1.0,No Info,5704
Jet Airways,2019-06-27,Delhi,Cochin,19:10:00,12:35:00,1045,2.0,No Info,12819
Jet Airways,2019-03-21,Banglore,New Delhi,22:50:00,07:40:00,530,1.0,In-flight meal not included,7045
Multiple Carriers,2019-05-21,Delhi,Cochin,17:30:00,01:30:00,480,1.0,No Info,14067
Jet Airways,2019-06-06,Kolkata,Banglore,08:25:00,18:15:00,590,1.0,No Info,14571
Air India,2019-03-06,Delhi,Cochin,20:30:00,23:00:00,1590,1.0,No Info,8854
Air India,2019-05-09,Delhi,Cochin,14:10:00,17:10:00,180,0.0,No Info,6094
Goair,2019-06-09,Banglore,Delhi,07:45:00,10:40:00,175,0.0,No Info,3898
Jet Airways,2019-05-15,Kolkata,Banglore,20:25:00,23:35:00,1630,1.0,No Info,14151
Air India,2019-03-12,Chennai,Kolkata,11:40:00,13:55:00,135,0.0,No Info,7082
Multiple Carriers,2019-05-06,Delhi,Cochin,07:30:00,19:00:00,690,1.0,No Info,10529
Jet Airways,2019-06-27,Mumbai,Hyderabad,07:05:00,08:30:00,85,0.0,In-flight meal not included,4995
Indigo,2019-03-09,Banglore,New Delhi,13:10:00,16:10:00,180,0.0,No Info,8033
Air India,2019-03-27,Delhi,Cochin,20:40:00,09:25:00,765,1.0,No Info,5117
Spicejet,2019-04-01,Kolkata,Banglore,09:00:00,11:25:00,145,0.0,No check-in baggage included,3841
Indigo,2019-05-06,Delhi,Cochin,11:25:00,01:30:00,845,1.0,No Info,6979
Indigo,2019-06-01,Delhi,Cochin,07:30:00,21:00:00,810,1.0,No Info,6416
Air India,2019-05-06,Kolkata,Banglore,05:50:00,20:25:00,875,2.0,No Info,10991
Spicejet,2019-04-01,Mumbai,Hyderabad,13:15:00,14:45:00,90,0.0,No check-in baggage included,1965
Goair,2019-05-24,Kolkata,Banglore,16:40:00,00:15:00,455,1.0,No Info,8855
Jet Airways,2019-06-12,Delhi,Cochin,05:30:00,19:00:00,810,2.0,In-flight meal not included,11507
Indigo,2019-03-21,Delhi,Cochin,16:10:00,22:20:00,370,1.0,No Info,6528
Vistara,2019-05-06,Kolkata,Banglore,17:00:00,23:25:00,385,1.0,No Info,8085
Indigo,2019-05-15,Kolkata,Banglore,14:25:00,16:55:00,150,0.0,No Info,5224
Multiple Carriers,2019-05-18,Delhi,Cochin,11:30:00,21:00:00,570,1.0,No Info,13727
Jet Airways,2019-06-24,Delhi,Cochin,18:15:00,19:00:00,1485,1.0,In-flight meal not included,10262
Vistara,2019-06-18,Banglore,Delhi,17:00:00,19:35:00,155,0.0,No Info,4878
Jet Airways,2019-05-01,Banglore,Delhi,06:00:00,08:45:00,165,0.0,In-flight meal not included,4030
Jet Airways,2019-03-27,Delhi,Cochin,13:00:00,04:25:00,925,1.0,No Info,12242
Air Asia,2019-04-01,Kolkata,Banglore,19:55:00,22:25:00,150,0.0,No Info,3807
Multiple Carriers,2019-06-06,Delhi,Cochin,16:00:00,01:30:00,570,1.0,No Info,13377
Air India,2019-06-27,Delhi,Cochin,18:45:00,19:15:00,1470,2.0,No Info,11942
Indigo,2019-05-09,Delhi,Cochin,07:15:00,12:30:00,315,1.0,No Info,5636
Jet Airways,2019-06-12,Delhi,Cochin,19:15:00,19:00:00,1425,1.0,In-flight meal not included,10262
Jet Airways,2019-06-03,Delhi,Cochin,09:35:00,12:35:00,1620,2.0,No Info,13292
Indigo,2019-03-12,Kolkata,Banglore,14:20:00,16:55:00,155,0.0,No Info,4148
Indigo,2019-04-06,Kolkata,Banglore,04:40:00,07:15:00,155,0.0,No Info,4174
Air India,2019-03-24,Kolkata,Banglore,09:25:00,05:35:00,1210,2.0,No Info,11774
Spicejet,2019-05-06,Mumbai,Hyderabad,13:15:00,14:45:00,90,0.0,No Info,2017
Jet Airways,2019-05-12,Kolkata,Banglore,20:25:00,18:00:00,1295,1.0,No Info,14151
Air India,2019-03-06,Mumbai,Hyderabad,13:30:00,16:55:00,205,2.0,No Info,18797
Multiple Carriers,2019-06-27,Delhi,Cochin,09:00:00,19:15:00,615,1.0,No Info,14848
Multiple Carriers,2019-05-09,Delhi,Cochin,07:10:00,16:10:00,540,1.0,No Info,6513
Jet Airways,2019-05-18,Kolkata,Banglore,09:35:00,18:00:00,505,1.0,No Info,14151
Multiple Carriers,2019-06-12,Delhi,Cochin,08:50:00,19:00:00,610,1.0,No Info,10877
Jet Airways,2019-03-21,Delhi,Cochin,18:25:00,18:50:00,1465,2.0,No Info,12347
Goair,2019-04-01,Delhi,Cochin,07:25:00,13:35:00,370,1.0,No Info,4563
Jet Airways,2019-05-06,Kolkata,Banglore,20:00:00,10:05:00,845,1.0,No Info,14388
Goair,2019-03-03,Delhi,Cochin,07:00:00,12:50:00,350,1.0,No Info,7378
Air India,2019-05-15,Kolkata,Banglore,09:25:00,13:45:00,1700,2.0,No Info,14482
Jet Airways,2019-03-21,Banglore,New Delhi,11:40:00,12:15:00,1475,1.0,In-flight meal not included,7832
Spicejet,2019-05-24,Kolkata,Banglore,08:35:00,17:15:00,520,1.0,No Info,6643
Spicejet,2019-06-09,Banglore,Delhi,21:10:00,00:05:00,175,0.0,No check-in baggage included,3919
Vistara,2019-05-15,Kolkata,Banglore,07:10:00,22:40:00,930,1.0,No Info,8452
Spicejet,2019-06-21,Banglore,Delhi,09:30:00,12:20:00,170,0.0,No Info,3625
Spicejet,2019-03-01,Banglore,New Delhi,09:35:00,12:30:00,175,0.0,No Info,11690
Goair,2019-05-18,Banglore,Delhi,11:40:00,14:30:00,170,0.0,No Info,4340
Jet Airways,2019-03-21,Delhi,Cochin,07:05:00,12:35:00,330,1.0,In-flight meal not included,14053
Indigo,2019-04-01,Kolkata,Banglore,18:05:00,23:30:00,325,1.0,No Info,6284
Jet Airways,2019-06-15,Delhi,Cochin,10:00:00,19:00:00,540,1.0,In-flight meal not included,10262
Jet Airways,2019-03-21,Banglore,New Delhi,11:40:00,07:40:00,1200,1.0,In-flight meal not included,7832
Jet Airways,2019-03-12,Banglore,New Delhi,18:55:00,20:20:00,1525,1.0,In-flight meal not included,11087
Multiple Carriers,2019-06-01,Delhi,Cochin,03:50:00,19:00:00,910,1.0,No Info,12192
Indigo,2019-05-09,Kolkata,Banglore,17:15:00,19:50:00,155,0.0,No Info,4804
Multiple Carriers,2019-06-09,Delhi,Cochin,10:00:00,19:00:00,540,1.0,No Info,12192
Spicejet,2019-04-09,Kolkata,Banglore,06:55:00,09:30:00,155,0.0,No check-in baggage included,3841
Jet Airways,2019-05-01,Mumbai,Hyderabad,02:55:00,04:20:00,85,0.0,No Info,5678
Multiple Carriers,2019-06-12,Delhi,Cochin,04:55:00,12:35:00,460,1.0,No Info,10678
Jet Airways,2019-05-09,Delhi,Cochin,05:30:00,19:00:00,810,2.0,In-flight meal not included,13029
Multiple Carriers,2019-06-15,Delhi,Cochin,10:20:00,19:15:00,535,1.0,No Info,9526
Air Asia,2019-03-27,Delhi,Cochin,16:45:00,22:15:00,330,1.0,No Info,6151
Jet Airways,2019-03-18,Banglore,New Delhi,22:50:00,09:30:00,640,1.0,In-flight meal not included,11087
Indigo,2019-05-01,Kolkata,Banglore,08:10:00,13:00:00,290,1.0,No Info,5069
Air India,2019-03-01,Banglore,New Delhi,17:00:00,22:55:00,1795,2.0,No Info,14887
Spicejet,2019-03-27,Kolkata,Banglore,09:00:00,11:30:00,150,0.0,No Info,3847
Indigo,2019-04-06,Banglore,Delhi,18:25:00,21:20:00,175,0.0,No Info,4823
Air India,2019-06-03,Delhi,Cochin,20:40:00,09:25:00,765,1.0,No Info,7480
Vistara,2019-06-12,Kolkata,Banglore,20:20:00,23:25:00,1625,1.0,No Info,8610
Indigo,2019-06-15,Kolkata,Banglore,09:35:00,12:10:00,155,0.0,No Info,5644
Multiple Carriers,2019-06-27,Delhi,Cochin,07:10:00,16:10:00,540,1.0,In-flight meal not included,6093
Spicejet,2019-04-15,Kolkata,Banglore,06:55:00,09:30:00,155,0.0,No Info,3873
Jet Airways,2019-03-24,Kolkata,Banglore,21:10:00,18:10:00,1260,1.0,In-flight meal not included,10031
Air India,2019-04-03,Mumbai,Hyderabad,21:05:00,22:25:00,80,0.0,No Info,2050
Air Asia,2019-03-09,Kolkata,Banglore,22:50:00,01:20:00,150,0.0,No Info,4384
Indigo,2019-05-15,Delhi,Cochin,05:05:00,12:10:00,425,1.0,No Info,6818
Jet Airways,2019-06-24,Delhi,Cochin,21:50:00,19:00:00,1270,1.0,In-flight meal not included,10262
Air India,2019-05-03,Mumbai,Hyderabad,15:00:00,16:25:00,85,0.0,No Info,3100
Air India,2019-05-15,Delhi,Cochin,12:00:00,07:40:00,1180,2.0,No Info,10651
Indigo,2019-05-27,Banglore,Delhi,04:00:00,06:50:00,170,0.0,No Info,3943
Spicejet,2019-06-06,Mumbai,Hyderabad,22:45:00,00:15:00,90,0.0,No Info,2017
Indigo,2019-05-18,Banglore,Delhi,01:30:00,04:15:00,165,0.0,No Info,5780
Multiple Carriers,2019-05-27,Delhi,Cochin,14:00:00,01:30:00,690,1.0,In-flight meal not included,6943
Jet Airways,2019-05-21,Kolkata,Banglore,18:55:00,08:15:00,800,1.0,No Info,14388
Goair,2019-03-15,Banglore,New Delhi,11:40:00,14:35:00,175,0.0,No Info,6113
Air India,2019-06-15,Delhi,Cochin,09:45:00,23:00:00,795,1.0,No Info,8907
Indigo,2019-05-21,Banglore,Delhi,20:00:00,22:50:00,170,0.0,No Info,4823
Jet Airways,2019-03-24,Kolkata,Banglore,19:45:00,19:40:00,1435,1.0,In-flight meal not included,10031
Indigo,2019-05-12,Kolkata,Banglore,22:15:00,00:50:00,155,0.0,No Info,4804
Indigo,2019-05-24,Chennai,Kolkata,14:45:00,17:05:00,140,0.0,No Info,3858
Air Asia,2019-04-24,Kolkata,Banglore,19:55:00,22:25:00,150,0.0,No Info,4107
Air India,2019-04-18,Banglore,Delhi,21:05:00,23:55:00,170,0.0,No Info,5228
Jet Airways,2019-04-01,Kolkata,Banglore,16:30:00,22:35:00,365,1.0,No Info,12681
Indigo,2019-04-09,Delhi,Cochin,21:50:00,03:35:00,345,1.0,No Info,7398
Air India,2019-03-21,Banglore,New Delhi,08:50:00,23:15:00,865,1.0,No Info,6824
Vistara,2019-05-09,Kolkata,Banglore,07:10:00,23:25:00,975,1.0,No Info,8085
Jet Airways,2019-03-24,Kolkata,Banglore,18:55:00,08:10:00,795,1.0,No Info,14231
Indigo,2019-05-06,Kolkata,Banglore,04:40:00,07:15:00,155,0.0,No Info,4804
Jet Airways,2019-06-06,Delhi,Cochin,20:55:00,04:25:00,450,1.0,No Info,14714
Multiple Carriers,2019-05-21,Delhi,Cochin,15:05:00,01:30:00,625,2.0,No Info,16655
Multiple Carriers,2019-05-15,Delhi,Cochin,10:20:00,19:15:00,535,1.0,No Info,8266
Multiple Carriers,2019-03-27,Delhi,Cochin,07:30:00,19:15:00,705,1.0,No Info,8371
Indigo,2019-04-15,Banglore,Delhi,04:00:00,06:50:00,170,0.0,No Info,4423
Goair,2019-06-18,Banglore,Delhi,20:55:00,23:40:00,165,0.0,No Info,3419
Air India,2019-05-21,Delhi,Cochin,17:15:00,19:15:00,1560,2.0,No Info,11989
Jet Airways,2019-05-06,Banglore,Delhi,19:50:00,22:50:00,180,0.0,No Info,7229
Indigo,2019-06-24,Delhi,Cochin,02:00:00,07:25:00,325,1.0,No Info,5636
Jet Airways,2019-05-21,Banglore,Delhi,07:10:00,10:10:00,180,0.0,In-flight meal not included,4030
Spicejet,2019-05-24,Chennai,Kolkata,08:20:00,10:35:00,135,0.0,No Info,3597
Jet Airways,2019-03-27,Delhi,Cochin,19:15:00,04:25:00,550,1.0,No Info,12242
Air India,2019-03-03,Banglore,New Delhi,06:45:00,11:10:00,1705,2.0,No Info,12599
Indigo,2019-05-01,Kolkata,Banglore,07:10:00,12:40:00,330,1.0,No Info,6111
Jet Airways,2019-06-06,Delhi,Cochin,16:00:00,19:00:00,1620,1.0,In-flight meal not included,10262
Jet Airways,2019-03-01,Banglore,New Delhi,11:40:00,10:25:00,1365,1.0,No Info,25735
Multiple Carriers,2019-06-27,Delhi,Cochin,11:40:00,19:15:00,455,1.0,In-flight meal not included,7268
Jet Airways,2019-06-01,Delhi,Cochin,19:45:00,04:25:00,520,1.0,No Info,14714
Indigo,2019-05-03,Banglore,Delhi,07:10:00,10:05:00,175,0.0,No Info,4823
Air India,2019-06-27,Kolkata,Banglore,14:15:00,16:45:00,150,0.0,No Info,5510
Multiple Carriers,2019-05-15,Delhi,Cochin,08:45:00,19:00:00,615,1.0,No Info,9794
Multiple Carriers,2019-03-09,Delhi,Cochin,00:20:00,12:55:00,755,1.0,In-flight meal not included,18260
Jet Airways,2019-06-09,Kolkata,Banglore,20:25:00,23:35:00,1630,1.0,No Info,12692
Air India,2019-06-24,Delhi,Cochin,17:15:00,07:40:00,865,2.0,No Info,11989
Multiple Carriers,2019-03-09,Delhi,Cochin,17:25:00,01:35:00,490,1.0,In-flight meal not included,12616
Air Asia,2019-05-18,Delhi,Cochin,07:55:00,22:25:00,870,1.0,No Info,7452
Indigo,2019-06-21,Mumbai,Hyderabad,21:20:00,22:50:00,90,0.0,No Info,2227
Goair,2019-05-27,Delhi,Cochin,07:25:00,13:35:00,370,1.0,No Info,6841
Jet Airways,2019-03-01,Banglore,New Delhi,14:05:00,08:15:00,1090,1.0,No Info,22270
Spicejet,2019-05-09,Mumbai,Hyderabad,13:15:00,14:45:00,90,0.0,No Info,2227
Vistara,2019-05-15,Delhi,Cochin,06:00:00,09:10:00,190,0.0,No Info,6216
Jet Airways,2019-03-09,Delhi,Cochin,05:40:00,04:25:00,1365,2.0,In-flight meal not included,13764
Jet Airways,2019-04-03,Delhi,Cochin,14:00:00,19:00:00,300,1.0,In-flight meal not included,5177
Vistara,2019-03-24,Kolkata,Banglore,09:55:00,09:10:00,1395,1.0,No Info,10842
Air India,2019-03-24,Kolkata,Banglore,09:10:00,11:10:00,1560,2.0,No Info,15187
Air India,2019-06-06,Delhi,Cochin,14:25:00,19:15:00,1730,2.0,No Info,13591
Jet Airways,2019-05-06,Kolkata,Banglore,20:25:00,15:05:00,1120,1.0,No Info,13067
Multiple Carriers,2019-06-06,Delhi,Cochin,12:50:00,19:15:00,385,1.0,No Info,8266
Jet Airways,2019-06-01,Banglore,Delhi,17:45:00,20:45:00,180,0.0,In-flight meal not included,7229
Indigo,2019-04-27,Banglore,Delhi,18:25:00,21:20:00,175,0.0,No Info,4823
Multiple Carriers,2019-05-15,Delhi,Cochin,03:50:00,12:35:00,525,1.0,No Info,10197
Jet Airways,2019-06-09,Delhi,Cochin,17:30:00,19:00:00,1530,1.0,In-flight meal not included,10262
Jet Airways,2019-05-03,Mumbai,Hyderabad,07:05:00,08:30:00,85,0.0,In-flight meal not included,4995
Air Asia,2019-06-27,Kolkata,Banglore,22:50:00,01:20:00,150,0.0,No Info,3807
Spicejet,2019-05-27,Mumbai,Hyderabad,22:45:00,00:15:00,90,0.0,No check-in baggage included,1965
Indigo,2019-05-27,Chennai,Kolkata,07:55:00,10:15:00,140,0.0,No Info,3850
Jet Airways,2019-05-06,Kolkata,Banglore,08:25:00,19:50:00,685,1.0,In-flight meal not included,10844
Jet Airways,2019-05-01,Delhi,Cochin,23:05:00,19:00:00,1195,2.0,No Info,15129
Indigo,2019-06-03,Delhi,Cochin,17:10:00,01:30:00,500,1.0,No Info,6104
Jet Airways,2019-04-01,Kolkata,Banglore,09:35:00,18:00:00,505,1.0,No Info,11467
Jet Airways,2019-05-06,Kolkata,Banglore,08:25:00,20:45:00,740,1.0,No Info,14388
Air India,2019-05-01,Delhi,Cochin,22:00:00,19:15:00,1275,2.0,No Info,11281
Jet Airways,2019-06-15,Delhi,Cochin,13:00:00,12:35:00,1415,1.0,In-flight meal not included,10262
Multiple Carriers,2019-03-06,Delhi,Cochin,07:30:00,19:15:00,705,1.0,No Info,15077
Air India,2019-05-15,Kolkata,Banglore,20:30:00,20:25:00,1435,1.0,No Info,10203
Indigo,2019-03-09,Chennai,Kolkata,19:35:00,21:55:00,140,0.0,No Info,6297
Jet Airways,2019-05-21,Kolkata,Banglore,14:05:00,19:50:00,345,1.0,In-flight meal not included,10844
Jet Airways,2019-05-09,Delhi,Cochin,21:50:00,04:25:00,395,1.0,No Info,15554
Spicejet,2019-06-12,Kolkata,Banglore,08:35:00,17:15:00,520,1.0,No Info,7189
Spicejet,2019-04-09,Kolkata,Banglore,09:00:00,11:25:00,145,0.0,No Info,3873
Jet Airways,2019-06-21,Mumbai,Hyderabad,19:35:00,21:05:00,90,0.0,No Info,5678
Jet Airways,2019-03-12,Banglore,New Delhi,05:45:00,23:00:00,1035,1.0,No Info,13817
Jet Airways,2019-05-09,Delhi,Cochin,19:45:00,19:00:00,1395,1.0,In-flight meal not included,12373
Multiple Carriers,2019-03-03,Delhi,Cochin,07:10:00,21:20:00,850,2.0,In-flight meal not included,8938
Jet Airways,2019-05-01,Kolkata,Banglore,08:25:00,20:45:00,740,1.0,In-flight meal not included,10844
Multiple Carriers,2019-05-15,Delhi,Cochin,07:10:00,16:10:00,540,1.0,No Info,6513
Air India,2019-06-24,Delhi,Cochin,05:15:00,07:40:00,1585,3.0,No Info,10493
Jet Airways,2019-06-12,Banglore,Delhi,06:00:00,08:45:00,165,0.0,No Info,8016
Vistara,2019-05-03,Chennai,Kolkata,17:45:00,20:05:00,140,0.0,No Info,11982
Jet Airways,2019-06-12,Kolkata,Banglore,21:10:00,09:20:00,730,1.0,No Info,13044
Indigo,2019-03-03,Banglore,New Delhi,12:10:00,17:05:00,295,1.0,No Info,8738
Air India,2019-05-06,Kolkata,Banglore,16:50:00,15:05:00,1335,2.0,No Info,12434
Indigo,2019-06-03,Delhi,Cochin,14:25:00,17:40:00,195,0.0,No Info,6015
Air India,2019-05-18,Kolkata,Banglore,05:50:00,08:55:00,1625,2.0,No Info,12723
Jet Airways,2019-06-01,Delhi,Cochin,21:50:00,12:35:00,885,1.0,In-flight meal not included,10262
Jet Airways,2019-03-24,Kolkata,Banglore,19:45:00,08:10:00,745,1.0,No Info,14231
Indigo,2019-03-21,Delhi,Cochin,05:05:00,10:05:00,300,1.0,No Info,6893
Air India,2019-05-21,Delhi,Cochin,09:30:00,23:00:00,810,1.0,No Info,8907
Spicejet,2019-06-03,Banglore,Delhi,09:30:00,12:20:00,170,0.0,No Info,3971
Indigo,2019-03-21,Banglore,New Delhi,14:25:00,19:25:00,300,1.0,No Info,7708
Multiple Carriers,2019-06-01,Delhi,Cochin,19:00:00,01:30:00,390,1.0,No Info,7530
Jet Airways,2019-05-15,Banglore,Delhi,19:50:00,22:50:00,180,0.0,No Info,7229
Jet Airways,2019-06-06,Kolkata,Banglore,17:00:00,14:25:00,1285,1.0,In-flight meal not included,10539
Jet Airways,2019-06-09,Delhi,Cochin,09:00:00,19:00:00,600,1.0,In-flight meal not included,10262
Jet Airways,2019-03-21,Banglore,New Delhi,11:40:00,11:25:00,1425,1.0,In-flight meal not included,7832
Air India,2019-03-18,Banglore,New Delhi,06:45:00,16:20:00,575,2.0,No Info,12935
Air India,2019-05-09,Kolkata,Banglore,09:25:00,18:30:00,545,1.0,No Info,8891
Vistara,2019-06-09,Banglore,Delhi,09:45:00,12:35:00,170,0.0,No Info,4668
Indigo,2019-05-18,Delhi,Cochin,14:20:00,22:30:00,490,1.0,No Info,7640
Jet Airways,2019-05-15,Kolkata,Banglore,20:25:00,10:55:00,870,1.0,No Info,14151
Spicejet,2019-03-21,Chennai,Kolkata,09:30:00,12:05:00,155,0.0,No check-in baggage included,3332
Multiple Carriers,2019-06-15,Delhi,Cochin,15:00:00,01:30:00,630,1.0,No Info,13377
Jet Airways,2019-03-21,Delhi,Cochin,05:30:00,18:50:00,800,2.0,No Info,11702
Air India,2019-03-15,Banglore,New Delhi,05:50:00,23:45:00,1075,2.0,No Info,7664
Jet Airways,2019-05-09,Kolkata,Banglore,20:00:00,12:00:00,960,1.0,In-flight meal not included,9663
Indigo,2019-03-27,Delhi,Cochin,14:20:00,22:20:00,480,1.0,No Info,6938
Air India,2019-06-06,Delhi,Cochin,09:45:00,23:00:00,795,1.0,No Info,8907
Air Asia,2019-04-27,Kolkata,Banglore,22:50:00,01:20:00,150,0.0,No Info,4409
Indigo,2019-06-24,Delhi,Cochin,06:50:00,12:10:00,320,1.0,No Info,5298
Air India,2019-05-09,Delhi,Cochin,09:00:00,19:15:00,615,1.0,No Info,8372
Jet Airways,2019-05-24,Mumbai,Hyderabad,07:05:00,08:30:00,85,0.0,No Info,8040
Air Asia,2019-05-27,Delhi,Cochin,07:55:00,22:25:00,870,1.0,No Info,6152
Jet Airways,2019-05-01,Kolkata,Banglore,17:00:00,18:00:00,1500,1.0,In-flight meal not included,9314
Indigo,2019-06-12,Delhi,Cochin,02:00:00,07:45:00,345,1.0,No Info,6386
Air India,2019-03-09,Banglore,New Delhi,22:00:00,23:20:00,1520,1.0,No Info,8425
Jet Airways,2019-04-01,Mumbai,Hyderabad,10:20:00,11:50:00,90,0.0,In-flight meal not included,3205
Multiple Carriers,2019-03-06,Delhi,Cochin,13:00:00,21:00:00,480,1.0,In-flight meal not included,15136
Jet Airways,2019-03-15,Banglore,New Delhi,05:45:00,15:15:00,570,1.0,In-flight meal not included,9134
Jet Airways,2019-04-06,Delhi,Cochin,13:00:00,19:00:00,360,1.0,In-flight meal not included,5177
Jet Airways,2019-05-24,Kolkata,Banglore,18:55:00,04:40:00,585,1.0,In-flight meal not included,8586
Jet Airways,2019-04-09,Delhi,Cochin,11:40:00,19:00:00,440,2.0,No Info,15439
Air Asia,2019-03-24,Kolkata,Banglore,22:50:00,01:20:00,150,0.0,No Info,5620
